City_ID,City,Country,Date,Lat,Lng,Max Temp,Humidity,Cloudiness,Wind Speed
0,Pacific Grove,US,2023-01-18 15:31:11,36.6177,-121.9166,42.91,88,0,5.75
1,Vaini,TO,2023-01-18 15:31:11,-21.2,-175.2,71.76,100,20,0.0
2,Hithadhoo,MV,2023-01-18 15:31:12,-0.6,73.0833,81.79,69,11,9.01
3,Znamenskoye,RU,2023-01-18 15:31:12,57.1281,73.8282,16.43,89,100,7.74
4,Busselton,AU,2023-01-18 15:30:52,-33.65,115.3333,63.59,59,35,18.07
5,Fukue,JP,2023-01-18 15:31:13,32.6881,128.8419,47.14,61,100,15.32
6,Sao Joao Da Barra,BR,2023-01-18 15:31:14,-21.6403,-41.0511,86.09,82,15,12.26
7,Bredasdorp,ZA,2023-01-18 15:28:13,-34.5322,20.0403,79.99,56,69,18.48
8,Ponta Do Sol,PT,2023-01-18 15:30:27,32.6667,-17.1,63.12,58,23,6.51
9,Ahipara,NZ,2023-01-18 15:31:15,-35.1667,173.1667,62.58,91,10,8.1
10,Nome,US,2023-01-18 15:29:40,64.5011,-165.4064,-7.53,64,0,16.11
11,Hami,CN,2023-01-18 15:27:32,42.8,93.45,15.26,45,0,2.66
12,Nanortalik,GL,2023-01-18 15:31:14,60.1432,-45.2371,28.08,69,100,10.83
13,Albany,US,2023-01-18 15:30:02,42.6001,-73.9662,42.67,90,100,1.01
14,Carnarvon,AU,2023-01-18 15:31:16,-24.8667,113.6333,79.18,70,31,12.26
15,Rikitea,PF,2023-01-18 15:30:57,-23.1203,-134.9692,77.58,72,70,3.11
16,Ushuaia,AR,2023-01-18 15:26:41,-54.8,-68.3,64.02,55,75,6.91
17,Mariental,NA,2023-01-18 15:31:17,-24.6333,17.9667,93.11,20,95,9.95
18,Kavaratti,IN,2023-01-18 15:31:18,10.5669,72.642,80.4,74,78,5.95
19,Chake Chake,TZ,2023-01-18 15:31:18,-5.2459,39.7666,79.02,75,100,10.38
20,Lithgow,AU,2023-01-18 15:31:19,-33.4833,150.15,59.7,96,100,3.42
21,Kruisfontein,ZA,2023-01-18 15:31:19,-34.0033,24.7314,85.89,78,60,25.01
22,Mount Gambier,AU,2023-01-18 15:31:20,-37.8333,140.7667,55.42,57,70,9.91
23,Salinas,US,2023-01-18 15:30:52,36.6777,-121.6555,43.32,85,0,9.22
24,Phalodi,IN,2023-01-18 15:31:20,27.1333,72.3667,59.14,13,0,8.79
25,Hilo,US,2023-01-18 15:31:21,19.7297,-155.09,77.29,85,0,8.05
26,Port Alfred,ZA,2023-01-18 15:30:26,-33.5906,26.891,80.19,85,22,5.77
27,Puerto Ayora,EC,2023-01-18 15:31:08,-0.7393,-90.3518,82.36,93,90,5.01
28,Dikson,RU,2023-01-18 15:31:19,73.5069,80.5464,-13.92,77,100,7.78
29,Valparaiso,CL,2023-01-18 15:27:06,-33.0393,-71.6273,72.0,81,100,12.66
30,Vagay,RU,2023-01-18 15:31:22,57.9375,69.0217,14.83,94,100,7.38
31,Acarau,BR,2023-01-18 15:31:22,-2.8856,-40.12,83.5,70,83,16.55
32,Alofi,NU,2023-01-18 15:31:23,-19.0595,-169.9187,76.89,100,44,5.75
33,Kapaa,US,2023-01-18 15:31:23,22.0752,-159.319,66.52,88,0,5.75
34,East London,ZA,2023-01-18 15:31:10,-33.0153,27.9116,81.54,74,20,8.05
35,Pevek,RU,2023-01-18 15:31:24,69.7008,170.3133,-33.59,100,100,3.15
36,Camacha,PT,2023-01-18 15:31:25,33.0833,-16.3333,58.42,67,40,18.41
37,Mahibadhoo,MV,2023-01-18 15:31:25,3.7833,72.9667,81.0,79,40,15.52
38,Kalmunai,LK,2023-01-18 15:31:26,7.4167,81.8167,77.95,61,91,12.77
39,Atuona,PF,2023-01-18 15:30:35,-9.8,-139.0333,77.4,80,50,19.86
40,Faanui,PF,2023-01-18 15:31:26,-16.4833,-151.75,79.81,74,42,12.03
41,Tasiilaq,GL,2023-01-18 15:29:06,65.6145,-37.6368,8.76,70,52,5.53
42,Hermanus,ZA,2023-01-18 15:31:27,-34.4187,19.2345,70.81,76,35,20.27
43,Cockburn Town,TC,2023-01-18 15:31:27,21.4612,-71.1419,76.32,55,45,11.77
44,Cape Town,ZA,2023-01-18 15:30:00,-33.9258,18.4232,83.12,71,20,13.8
45,Tiksi,RU,2023-01-18 15:31:28,71.6872,128.8694,-25.96,100,100,3.31
46,Kodiak,US,2023-01-18 15:31:42,57.79,-152.4072,20.71,86,0,4.61
47,Tateyama,JP,2023-01-18 15:31:46,34.9833,139.8667,47.1,86,83,18.61
48,Dukat,RU,2023-01-18 15:32:28,62.55,155.55,-30.12,96,100,4.81
49,Walvis Bay,NA,2023-01-18 15:30:37,-22.9575,14.5053,79.75,53,0,12.66
50,Khromtau,KZ,2023-01-18 15:32:29,50.2503,58.4347,-1.66,76,29,6.93
51,Staraya Russa,RU,2023-01-18 15:32:29,57.9944,31.3608,36.64,98,100,13.91
52,Arraial Do Cabo,BR,2023-01-18 15:31:17,-22.9661,-42.0278,85.96,70,0,20.71
53,Te Anau,NZ,2023-01-18 15:32:30,-45.4167,167.7167,51.87,93,17,1.66
54,Upernavik,GL,2023-01-18 15:31:42,72.7868,-56.1549,-11.9,89,100,4.25
55,Hobart,AU,2023-01-18 15:27:58,-42.8794,147.3294,53.46,75,75,13.8
56,Doka,SD,2023-01-18 15:32:31,13.5167,35.7667,86.4,28,5,13.24
57,Jamestown,US,2023-01-18 15:30:06,42.097,-79.2353,37.02,75,100,12.66
58,Mogadishu,SO,2023-01-18 15:30:03,2.0371,45.3438,80.47,78,20,20.71
59,Punta Arenas,CL,2023-01-18 15:30:56,-53.15,-70.9167,66.31,52,0,25.32
60,Jinchang,CN,2023-01-18 15:32:31,38.4953,102.1739,17.02,42,0,6.64
61,Dolores,AR,2023-01-18 15:32:31,-36.3132,-57.6792,85.3,41,100,17.78
62,Sapucai,PY,2023-01-18 15:32:32,-25.6667,-56.9167,99.05,33,6,3.98
63,Salalah,OM,2023-01-18 15:32:32,17.0151,54.0924,77.09,65,20,4.61
64,Ambanja,MG,2023-01-18 15:32:32,-13.6833,48.45,82.33,88,100,0.6
65,Sakakah,SA,2023-01-18 15:28:07,29.9697,40.2064,58.57,49,0,2.13
66,Banita,RO,2023-01-18 15:32:33,45.45,23.2667,39.6,95,69,4.97
67,Yellowknife,CA,2023-01-18 15:30:38,62.456,-114.3525,9.12,92,40,9.22
68,Guerrero Negro,MX,2023-01-18 15:32:33,27.9769,-114.0611,57.58,60,74,15.03
69,Yulara,AU,2023-01-18 15:32:33,-25.2406,130.9889,81.14,41,15,22.59
70,Poum,NC,2023-01-18 15:30:33,-20.2333,164.0167,78.4,79,100,19.42
71,Atbasar,KZ,2023-01-18 15:32:34,51.8,68.3333,-5.73,78,13,2.77
72,Barrow,US,2023-01-18 15:32:23,71.2906,-156.7887,-5.78,84,100,24.16
73,Nenjiang,CN,2023-01-18 15:32:34,49.1833,125.2167,-8.14,99,100,5.41
74,Travesia,HN,2023-01-18 15:32:35,15.8667,-87.9,77.29,59,2,4.68
75,Khatanga,RU,2023-01-18 15:31:43,71.9667,102.5,-21.32,97,95,6.33
76,Vardo,NO,2023-01-18 15:28:56,70.3705,31.1107,33.78,75,73,14.97
77,Qaanaaq,GL,2023-01-18 15:32:29,77.484,-69.3632,-20.9,93,99,5.28
78,Thompson,CA,2023-01-18 15:30:37,55.7435,-97.8558,14.16,92,100,4.61
79,Maputo,MZ,2023-01-18 15:32:35,-25.9653,32.5892,87.48,70,40,17.27
80,Mataura,NZ,2023-01-18 15:30:54,-46.1927,168.8643,51.96,98,52,0.67
81,Chongqing,CN,2023-01-18 15:31:33,29.5628,106.5528,42.22,85,7,8.95
82,Kuchl,AT,2023-01-18 15:32:36,47.6265,13.1448,40.8,95,100,4.29
83,Vieux-Habitants,GP,2023-01-18 15:32:36,16.0589,-61.7659,80.17,67,3,10.16
84,Mahebourg,MU,2023-01-18 15:26:54,-20.4081,57.7,80.89,83,75,18.41
85,Sibolga,ID,2023-01-18 15:32:37,1.7427,98.7792,75.45,83,100,3.44
86,Bandarbeyla,SO,2023-01-18 15:32:37,9.4942,50.8122,75.9,74,23,19.55
87,Codrington,AU,2023-01-18 15:32:37,-38.2667,141.9667,56.71,49,90,14.05
88,Aksu,CN,2023-01-18 15:32:38,41.1231,80.2644,1.83,87,4,4.25
89,Sinnamary,GF,2023-01-18 15:32:38,5.3833,-52.95,79.88,76,86,9.44
90,Ancud,CL,2023-01-18 15:31:05,-41.8697,-73.8203,66.67,51,100,4.18
91,Reyes,BO,2023-01-18 15:33:12,-14.3167,-67.3833,86.16,74,75,4.61
92,Piat,PH,2023-01-18 15:33:39,17.7905,121.478,69.12,92,100,5.3
93,Nanchital,MX,2023-01-18 15:33:39,18.0667,-94.4,71.62,83,75,2.3
94,Zheleznodorozhnyy,RU,2023-01-18 15:33:39,55.7503,38.0042,34.32,92,100,15.66
95,Tallahassee,US,2023-01-18 15:33:04,30.4383,-84.2807,67.86,96,100,6.91
96,Praya,CV,2023-01-18 15:33:40,14.9215,-23.5087,82.94,44,0,21.85
97,Launceston,AU,2023-01-18 15:33:40,-41.45,147.1667,53.35,58,16,8.05
98,Vila Franca Do Campo,PT,2023-01-18 15:33:40,37.7167,-25.4333,59.41,63,99,6.93
99,Padang,ID,2023-01-18 15:33:41,-0.9492,100.3543,75.25,86,100,3.69
100,Mehamn,NO,2023-01-18 15:33:41,71.0357,27.8492,31.91,59,93,8.05
101,Butaritari,KI,2023-01-18 15:32:27,3.0707,172.7902,81.81,75,96,15.35
102,Szakoly,HU,2023-01-18 15:33:41,47.7667,21.9167,45.95,79,85,10.51
103,Irbeyskoye,RU,2023-01-18 15:33:42,55.6428,95.4522,-29.11,100,8,1.86
104,New Norfolk,AU,2023-01-18 15:31:06,-42.7826,147.0587,53.71,61,62,3.0
105,Kyshtovka,RU,2023-01-18 15:33:42,56.555,76.6271,15.37,86,100,8.81
106,Richards Bay,ZA,2023-01-18 15:29:10,-28.783,32.0377,85.42,65,100,17.54
107,Nikolskoye,RU,2023-01-18 15:31:05,59.7035,30.7861,35.8,98,100,7.0
108,Bethel,US,2023-01-18 15:33:42,41.3712,-73.414,49.01,68,75,14.97
109,Saint-Philippe,RE,2023-01-18 15:31:38,-21.3585,55.7679,80.19,90,100,14.63
110,Santa Isabel Do Rio Negro,BR,2023-01-18 15:32:51,-0.4139,-65.0192,86.52,55,90,3.98
111,Conop,RO,2023-01-18 15:33:43,46.1,21.8833,47.61,80,38,3.6
112,Baiyin,CN,2023-01-18 15:33:43,36.5583,104.2081,17.74,42,1,2.37
113,Sorland,NO,2023-01-18 15:30:56,67.667,12.6934,37.26,65,0,20.71
114,Lorengau,PG,2023-01-18 15:29:40,-2.0226,147.2712,81.19,76,100,6.15
115,Mogok,MM,2023-01-18 15:33:43,22.9167,96.5,52.45,60,16,1.54
116,Akom,CM,2023-01-18 15:33:44,2.6678,12.7109,86.5,33,100,3.36
117,Bengkulu,ID,2023-01-18 15:33:44,-3.8004,102.2655,74.98,91,100,3.91
118,Kirs,RU,2023-01-18 15:33:44,59.3388,52.2447,16.86,91,100,8.84
119,Victoria,HK,2023-01-18 15:31:07,22.2855,114.1577,60.24,65,33,5.99
120,Petit Goave,HT,2023-01-18 15:31:39,18.4314,-72.8669,78.28,54,1,4.29
121,Port Lincoln,AU,2023-01-18 15:32:30,-34.7333,135.8667,60.15,59,93,17.43
122,Darhan,MN,2023-01-18 15:33:45,49.4867,105.9228,-4.09,65,100,12.84
123,Lysyanka,UA,2023-01-18 15:33:45,49.2523,30.8295,48.29,91,100,17.65
124,Masuguru,TZ,2023-01-18 15:33:45,-11.3667,38.4167,76.46,90,99,1.97
125,Roswell,US,2023-01-18 15:33:46,34.0232,-84.3616,59.07,94,100,3.44
126,Saskylakh,RU,2023-01-18 15:26:57,71.9167,114.0833,-31.07,100,87,5.59
127,Lasem,ID,2023-01-18 15:33:46,-6.6922,111.4527,76.1,91,100,2.66
128,Clyde River,CA,2023-01-18 15:31:39,70.4692,-68.5914,-23.57,76,0,13.8
129,Palafrugell,ES,2023-01-18 15:33:46,41.9174,3.1631,52.56,26,82,4.0
130,Ribeira Grande,PT,2023-01-18 15:31:05,38.5167,-28.7,61.2,67,40,5.99
131,Koslan,RU,2023-01-18 15:33:47,63.4564,48.8989,18.03,97,96,6.62
132,Gambela,ET,2023-01-18 15:33:47,8.25,34.5833,90.55,24,7,2.75
133,Saint-Augustin,CA,2023-01-18 15:32:20,51.226,-58.6502,32.67,100,100,3.49
134,Petropavlovsk-Kamchatskiy,RU,2023-01-18 15:33:47,53.0452,158.6483,7.39,43,0,13.42
135,Buncrana,IE,2023-01-18 15:34:48,55.1333,-7.45,38.97,68,49,14.07
136,Los Llanos De Aridane,ES,2023-01-18 15:33:57,28.6585,-17.9182,65.95,78,20,8.05
137,Santa Rita Do Sapucai,BR,2023-01-18 15:34:48,-22.2522,-45.7033,82.49,57,8,2.3
138,Manokwari,ID,2023-01-18 15:34:48,-0.8667,134.0833,77.65,80,99,8.39
139,Port Augusta,AU,2023-01-18 15:34:49,-32.5,137.7667,61.38,59,0,20.51
140,Qaqortoq,GL,2023-01-18 15:34:49,60.7167,-46.0333,26.64,71,100,9.33
141,San Carlos De Bariloche,AR,2023-01-18 15:30:33,-41.1456,-71.3082,76.75,25,0,5.75
142,Greenwood,US,2023-01-18 15:32:37,34.1668,-82.1165,55.27,100,100,3.44
143,Provideniya,RU,2023-01-18 15:34:49,64.3833,-173.3,-19.46,89,12,7.36
144,Padre Zamora,PH,2023-01-18 15:34:50,10.0667,123.25,77.94,88,93,8.95
145,Lima,PE,2023-01-18 15:32:46,-12.0432,-77.0282,73.65,69,0,5.75
146,Hackettstown,US,2023-01-18 15:34:50,40.854,-74.8291,50.32,67,67,1.01
147,Bundaberg,AU,2023-01-18 15:34:50,-24.85,152.35,67.21,94,19,1.99
148,Sobolevo,RU,2023-01-18 15:34:51,54.4299,31.8996,37.4,99,100,20.15
149,Odienne,CI,2023-01-18 15:34:51,9.51,-7.5692,96.24,8,2,5.3
150,Itarema,BR,2023-01-18 15:32:23,-2.9248,-39.9167,83.62,69,74,15.84
151,Coihaique,CL,2023-01-18 15:34:51,-45.5752,-72.0662,74.01,43,0,0.0
152,Kahului,US,2023-01-18 15:34:52,20.8947,-156.47,73.85,88,0,4.61
153,Bluff,NZ,2023-01-18 15:30:54,-46.6,168.3333,56.64,86,35,1.88
154,Sabang,ID,2023-01-18 15:34:52,5.8933,95.3214,80.1,75,100,12.95
155,Norman Wells,CA,2023-01-18 15:31:46,65.282,-126.8329,-3.96,77,100,6.91
156,Hovd,MN,2023-01-18 15:33:59,48.0056,91.6419,4.44,68,5,0.96
157,San Cristobal,VE,2023-01-18 15:34:52,7.7669,-72.225,73.58,44,31,4.74
158,Mount Isa,AU,2023-01-18 15:31:08,-20.7333,139.5,80.37,57,39,5.75
159,Kaitangata,NZ,2023-01-18 15:33:09,-46.2817,169.8464,54.19,97,73,3.76
160,Gazojak,TM,2023-01-18 15:34:53,41.1875,61.4036,22.3,65,2,5.26
161,Sorgun,TR,2023-01-18 15:34:53,39.8101,35.186,42.69,65,38,5.75
162,Jumla,NP,2023-01-18 15:34:53,29.2747,82.1838,34.36,31,30,4.07
163,Khuzdar,PK,2023-01-18 15:34:54,27.7384,66.6434,50.07,57,99,6.89
164,Kununurra,AU,2023-01-18 15:30:01,-15.7667,128.7333,76.98,100,100,2.3
165,Evensk,RU,2023-01-18 15:34:54,61.95,159.2333,-4.2,74,100,10.11
166,Rawatsar,IN,2023-01-18 15:34:54,29.2833,74.3833,52.05,23,46,4.41
167,Ossora,RU,2023-01-18 15:34:55,59.2353,163.0719,2.03,96,100,7.94
168,Leningradskiy,RU,2023-01-18 15:30:58,69.3833,178.4167,-18.74,95,100,21.83
169,Cabo Rojo,PR,2023-01-18 15:34:55,18.0866,-67.1457,83.79,55,0,1.39
170,Yambio,SS,2023-01-18 15:34:55,4.5721,28.3955,87.31,23,25,2.82
171,Asau,RO,2023-01-18 15:30:46,46.4333,26.4,54.52,78,15,6.38
172,Tazovskiy,RU,2023-01-18 15:34:56,67.4667,78.7,-8.73,97,100,13.76
173,Roebourne,AU,2023-01-18 15:34:56,-20.7833,117.1333,82.94,66,35,6.53
174,Sudbury,CA,2023-01-18 15:33:55,46.49,-80.99,31.05,91,91,5.99
175,Cherskiy,RU,2023-01-18 15:31:57,68.75,161.3,-46.61,98,89,4.61
176,Vanimo,PG,2023-01-18 15:34:56,-2.6741,141.3028,76.48,90,75,9.66
177,Luderitz,NA,2023-01-18 15:34:03,-26.6481,15.1594,71.37,76,63,14.56
178,Nova Vicosa,BR,2023-01-18 15:34:57,-17.8919,-39.3719,82.08,66,29,8.43
179,Yerbogachen,RU,2023-01-18 15:34:57,61.2767,108.0108,-37.86,97,100,3.67
180,Tonantins,BR,2023-01-18 15:34:57,-2.8731,-67.8022,83.28,71,96,3.44
181,Airai,TL,2023-01-18 15:33:20,-8.9266,125.4092,61.32,93,85,1.48
182,Nicoya,CR,2023-01-18 15:35:58,10.1483,-85.452,84.67,55,15,3.83
183,Warrnambool,AU,2023-01-18 15:33:56,-38.3833,142.4833,56.88,54,98,14.25
184,Atambua,ID,2023-01-18 15:35:58,-9.1061,124.8925,74.44,90,84,1.25
185,Payakumbuh,ID,2023-01-18 15:35:58,-0.2202,100.6308,68.7,97,100,1.25
186,Castro,BR,2023-01-18 15:26:54,-24.7911,-50.0119,78.15,62,100,2.1
187,Greenville,US,2023-01-18 15:32:04,35.6127,-77.3663,57.22,93,40,5.75
188,Torbay,CA,2023-01-18 15:35:59,47.6666,-52.7314,42.58,92,100,18.41
189,Shubarkuduk,KZ,2023-01-18 15:35:59,49.1447,56.4872,10.9,72,0,9.6
190,Hamilton,US,2023-01-18 15:35:59,39.1834,-84.5333,42.89,79,75,4.61
191,Muyezerskiy,RU,2023-01-18 15:36:00,63.9333,31.65,33.03,91,100,10.94
192,Port Elizabeth,ZA,2023-01-18 15:34:45,-33.918,25.5701,88.11,82,40,6.91
193,Peniche,PT,2023-01-18 15:32:30,39.3558,-9.3811,56.28,69,78,26.4
194,Broken Hill,AU,2023-01-18 15:36:00,-31.95,141.4333,64.63,63,1,20.6
195,Severo-Kurilsk,RU,2023-01-18 15:32:32,50.6789,156.125,16.47,57,100,22.32
196,Santa Lucia,ES,2023-01-18 15:36:00,27.9117,-15.5407,61.77,86,75,21.85
197,Cayenne,GF,2023-01-18 15:35:53,4.9333,-52.3333,82.44,69,75,10.36
198,Vredendal,ZA,2023-01-18 15:36:01,-31.6683,18.5012,73.42,72,100,15.9
199,Eureka,US,2023-01-18 15:36:01,40.8021,-124.1637,48.92,82,100,5.99
200,Dunedin,NZ,2023-01-18 15:30:07,-45.8742,170.5036,58.8,87,78,1.99
201,Saint-Joseph,RE,2023-01-18 15:36:01,-21.3667,55.6167,83.46,86,100,15.57
202,Omboue,GA,2023-01-18 15:36:02,-1.5746,9.2618,81.91,74,100,6.96
203,Ewa Beach,US,2023-01-18 15:36:02,21.3156,-158.0072,71.02,82,20,4.61
204,Coquimbo,CL,2023-01-18 15:30:17,-29.9533,-71.3436,67.73,68,40,12.66
205,Tautira,PF,2023-01-18 15:36:02,-17.7333,-149.15,80.76,70,29,14.07
206,Bucerias,MX,2023-01-18 15:36:03,20.75,-105.3333,69.98,77,40,4.61
207,La Ronge,CA,2023-01-18 15:36:03,55.1001,-105.2842,10.65,85,100,6.91
208,Caravelas,BR,2023-01-18 15:36:03,-17.7125,-39.2481,83.34,62,28,8.86
209,Bathsheba,BB,2023-01-18 15:33:58,13.2167,-59.5167,84.81,61,75,17.27
210,Boa Vista,BR,2023-01-18 15:34:19,2.8197,-60.6733,80.58,69,75,9.22
211,Marinette,US,2023-01-18 15:36:04,45.1,-87.6307,32.05,86,100,3.44
212,Pauini,BR,2023-01-18 15:31:04,-7.7136,-66.9764,77.0,85,99,3.36
213,Avera,US,2023-01-18 15:36:04,33.194,-82.5271,61.38,84,93,4.79
214,Fengrun,CN,2023-01-18 15:36:05,39.8333,118.1167,25.41,41,0,4.03
215,Kavieng,PG,2023-01-18 15:31:48,-2.5744,150.7967,82.24,73,100,9.31
216,Powell River,CA,2023-01-18 15:36:05,49.8496,-124.5361,44.6,100,100,17.27
217,Elko,US,2023-01-18 15:36:06,41.0002,-115.5012,14.02,88,100,2.42
218,Lasa,IT,2023-01-18 15:36:06,46.6166,10.7002,32.88,92,86,4.76
219,Bismarck,US,2023-01-18 15:36:06,46.8083,-100.7837,16.66,100,100,5.75
220,Itaituba,BR,2023-01-18 15:26:30,-4.2761,-55.9836,80.76,74,75,0.0
221,Tarrega,ES,2023-01-18 15:36:07,41.647,1.1396,51.15,25,8,8.63
222,Karratha,AU,2023-01-18 15:36:07,-20.7377,116.8463,82.27,68,22,6.96
223,Mukhen,RU,2023-01-18 15:36:07,48.1,136.1,-5.44,87,91,4.23
224,Avarua,CK,2023-01-18 15:31:00,-21.2078,-159.775,77.05,94,75,16.11
225,Gizo,SB,2023-01-18 15:36:08,-8.103,156.8419,81.52,81,100,16.51
226,Aklavik,CA,2023-01-18 15:33:18,68.2191,-135.0107,-4.0,77,100,4.61
227,Camana,PE,2023-01-18 15:36:08,-16.6228,-72.7111,74.32,75,83,9.69
228,Constitucion,CL,2023-01-18 15:29:47,-35.3333,-72.4167,68.43,51,0,4.45
229,Bilma,NE,2023-01-18 15:37:09,18.6853,12.9164,74.48,13,0,2.59
230,Pangkalanbuun,ID,2023-01-18 15:37:09,-2.6833,111.6167,74.44,97,100,2.35
231,Nacala,MZ,2023-01-18 15:37:09,-14.5428,40.6728,79.84,77,74,5.44
232,Nishihara,JP,2023-01-18 15:37:10,26.1842,127.7558,60.08,63,75,12.66
233,Simi,SL,2023-01-18 15:37:10,9.5667,-12.35,101.23,8,0,3.24
234,Atasu,KZ,2023-01-18 15:37:11,48.6814,71.6433,0.57,84,4,7.61
235,Bagua Grande,PE,2023-01-18 15:37:11,-5.7561,-78.4411,84.94,59,99,5.39
236,Aranos,NA,2023-01-18 15:37:11,-24.1333,19.1167,89.55,26,98,18.41
237,Labuhan,ID,2023-01-18 15:37:12,-6.8844,112.2051,76.15,91,100,3.36
238,Mnogovershinnyy,RU,2023-01-18 15:37:12,53.9353,139.9242,-34.04,95,11,3.27
239,Mahajanga,MG,2023-01-18 15:37:12,-15.7167,46.3167,89.62,51,20,4.61
240,Kastamonu,TR,2023-01-18 15:37:13,41.5,33.6667,43.11,70,50,3.29
241,Asosa,ET,2023-01-18 15:37:13,10.0667,34.5333,77.95,28,55,6.69
242,Rujewa,TZ,2023-01-18 15:37:14,-8.7,34.3833,66.45,95,92,3.98
243,Souillac,MU,2023-01-18 15:31:43,-20.5167,57.5167,80.98,83,75,18.41
244,Ilo,PE,2023-01-18 15:37:14,-17.6394,-71.3375,72.46,64,0,11.5
245,Payo,ID,2023-01-18 15:37:15,-3.7508,103.6372,72.73,98,100,2.51
246,Tamale,GH,2023-01-18 15:37:15,9.4008,-0.8393,97.39,9,94,4.9
247,Georgetown,MY,2023-01-18 15:28:54,5.4112,100.3354,82.33,79,20,5.75
248,Seymchan,RU,2023-01-18 15:33:01,62.8833,152.4333,-23.44,96,100,5.12
249,Hambantota,LK,2023-01-18 15:37:16,6.1241,81.1185,77.34,94,20,11.5
250,Solnechnyy,RU,2023-01-18 15:37:16,50.7214,136.6319,-21.01,98,93,2.77
251,Huarmey,PE,2023-01-18 15:37:16,-10.0681,-78.1522,74.21,69,62,8.79
252,Dunmanway,IE,2023-01-18 15:37:17,51.7167,-9.1167,38.32,77,11,12.48
253,Grand Forks,US,2023-01-18 15:37:17,47.9417,-97.4337,3.18,98,94,4.36
254,Talnakh,RU,2023-01-18 15:31:51,69.4865,88.3972,-21.8,83,100,7.05
255,Komsomolskiy,UZ,2023-01-18 15:37:18,40.4272,71.7189,23.72,74,15,4.61
256,Dwarka,IN,2023-01-18 15:37:18,22.2394,68.9678,69.58,46,48,10.11
257,Xichang,CN,2023-01-18 15:37:19,27.8964,102.2634,36.55,60,0,3.0
258,Khandyga,RU,2023-01-18 15:37:19,62.6667,135.6,-60.38,100,99,0.65
259,Chuy,UY,2023-01-18 15:33:18,-33.6971,-53.4616,80.44,51,9,14.97
260,Hegang,CN,2023-01-18 15:37:20,47.4,130.3667,-3.12,97,100,4.88
261,Karad,IN,2023-01-18 15:37:20,17.2833,74.2,72.63,30,16,0.89
262,Portland,US,2023-01-18 15:35:45,45.5234,-122.6762,50.29,85,100,13.8
263,Klaksvik,FO,2023-01-18 15:33:54,62.2266,-6.589,34.72,64,95,28.39
264,Mantua,IT,2023-01-18 15:37:21,45.1667,10.7833,42.35,90,100,1.01
265,Rafai,CF,2023-01-18 15:37:22,4.95,23.9167,89.1,22,2,0.78
266,Lebu,CL,2023-01-18 15:30:42,-37.6167,-73.65,65.28,66,25,9.33
267,Chokurdakh,RU,2023-01-18 15:31:48,70.6333,147.9167,-31.18,100,93,6.04
268,Ekangala,ZA,2023-01-18 15:37:22,-25.6962,28.7492,80.37,33,100,6.42
269,Iquitos,PE,2023-01-18 15:37:23,-3.7481,-73.2472,80.64,94,40,3.44
270,Zhigansk,RU,2023-01-18 15:37:12,66.7697,123.3711,-60.14,100,33,0.65
271,Kon Tum,VN,2023-01-18 15:37:24,14.35,108.0,60.13,92,74,4.07
272,Kushiro,JP,2023-01-18 15:34:35,42.975,144.3747,15.55,67,58,8.41
273,Kjopsvik,NO,2023-01-18 15:37:24,68.097,16.3742,30.07,79,100,9.73
274,Belaya Gora,RU,2023-01-18 15:38:25,68.5333,146.4167,-30.82,97,92,2.46
275,Sisimiut,GL,2023-01-18 15:38:25,66.9395,-53.6735,-5.42,70,62,12.88
276,Grand Gaube,MU,2023-01-18 15:38:26,-20.0064,57.6608,81.0,82,100,7.0
277,Sangar,RU,2023-01-18 15:38:26,63.9242,127.4739,-61.17,99,69,4.38
278,Kongsvinger,NO,2023-01-18 15:38:26,60.1905,11.9977,32.67,90,100,4.25
279,Tomatlan,MX,2023-01-18 15:38:26,19.9333,-105.25,71.08,54,50,1.28
280,San Fernando,PH,2023-01-18 15:38:27,15.0286,120.6898,78.53,80,87,7.36
281,Somerset East,ZA,2023-01-18 15:38:27,-32.7217,25.588,86.02,47,77,22.17
282,La Asuncion,VE,2023-01-18 15:38:28,11.0333,-63.8628,82.13,69,14,17.27
283,Brora,GB,2023-01-18 15:38:28,58.0099,-3.8518,39.11,75,24,13.15
284,Esperance,AU,2023-01-18 15:38:29,-33.8667,121.9,59.99,69,100,16.69
285,Leh,IN,2023-01-18 15:38:29,34.1667,77.5833,8.15,63,100,1.97
286,Touros,BR,2023-01-18 15:38:29,-5.1989,-35.4608,84.51,63,91,13.65
287,Kuna,US,2023-01-18 15:38:29,43.4918,-116.4201,28.72,89,0,10.36
288,Puerto Del Rosario,ES,2023-01-18 15:38:30,28.5004,-13.8627,67.75,60,75,23.02
289,Sistranda,NO,2023-01-18 15:38:30,63.7256,8.834,33.76,69,96,7.78
290,Cabo San Lucas,MX,2023-01-18 15:34:21,22.8909,-109.9124,66.51,85,0,0.0
291,Chernyshevskiy,RU,2023-01-18 15:38:30,63.0128,112.4714,-34.73,99,100,1.61
292,Vitim,RU,2023-01-18 15:38:31,59.4511,112.5578,-38.42,93,97,3.38
293,Kaka,TM,2023-01-18 15:38:31,37.3482,59.6143,28.18,72,0,2.26
294,Saint-Pierre,RE,2023-01-18 15:38:31,-21.3393,55.4781,84.56,78,75,27.63
295,Rio Gallegos,AR,2023-01-18 15:37:58,-51.6226,-69.2181,77.05,31,0,9.22
296,Mounana,GA,2023-01-18 15:38:31,-1.4085,13.1586,85.91,70,97,1.61
297,Cidreira,BR,2023-01-18 15:38:32,-30.1811,-50.2056,74.71,87,100,13.33
298,Egvekinot,RU,2023-01-18 15:38:32,66.3167,-179.1667,-19.35,86,98,8.7
299,Kamaishi,JP,2023-01-18 15:38:32,39.2667,141.8833,30.78,71,30,8.03
300,Vao,NC,2023-01-18 15:38:33,-22.6667,167.4833,74.57,71,100,19.04
301,Haikou,CN,2023-01-18 15:38:33,20.0458,110.3417,59.13,77,100,6.71
302,Mar Del Plata,AR,2023-01-18 15:37:08,-38.0023,-57.5575,79.83,83,40,17.27
303,Adrar,MR,2023-01-18 15:38:33,20.5022,-10.0711,75.61,15,100,10.42
304,La Union,PE,2023-01-18 15:38:33,-5.4,-80.75,84.6,37,77,5.84
305,Shirokiy,RU,2023-01-18 15:38:34,49.758,129.523,-3.01,98,100,9.69
306,Ojinaga,MX,2023-01-18 15:38:34,29.5667,-104.4167,55.58,53,0,6.91
307,Alto Araguaia,BR,2023-01-18 15:38:34,-17.3147,-53.2153,83.16,53,36,7.16
308,Kasongo-Lunda,CD,2023-01-18 15:38:35,-6.4667,16.8167,85.84,59,67,1.81
309,Ankazobe,MG,2023-01-18 15:38:35,-18.3167,47.1167,65.64,72,100,12.91
310,Marrakesh,MA,2023-01-18 15:38:35,31.6315,-8.0083,60.87,59,75,2.3
311,Cabedelo,BR,2023-01-18 15:38:35,-6.9811,-34.8339,83.07,71,57,13.58
312,Korla,CN,2023-01-18 15:36:35,41.7597,86.1469,7.43,83,5,2.15
313,Danjiangkou,CN,2023-01-18 15:38:36,32.5428,111.5086,40.68,39,98,2.68
314,Huanren,CN,2023-01-18 15:38:36,41.2647,125.3667,12.4,96,82,4.79
315,Lepley,RU,2023-01-18 15:38:36,54.3092,42.8599,23.94,89,39,11.39
316,North Bend,US,2023-01-18 15:38:37,43.4065,-124.2243,48.92,93,100,11.5
317,Petauke,ZM,2023-01-18 15:38:37,-14.2426,31.3253,66.97,97,100,2.24
318,Barra Do Garcas,BR,2023-01-18 15:38:37,-15.89,-52.2567,86.58,62,20,4.61
319,Zhenlai,CN,2023-01-18 15:38:37,45.8495,123.2973,5.02,83,100,9.46
320,Oss,NL,2023-01-18 15:39:38,51.75,5.5333,40.24,75,100,14.97
321,Oussouye,SN,2023-01-18 15:39:38,12.485,-16.5469,96.98,16,20,5.1
322,Sao Filipe,CV,2023-01-18 15:31:40,14.8961,-24.4956,78.62,57,0,14.07
323,Kyren,RU,2023-01-18 15:39:38,51.6828,102.1408,-13.0,96,100,1.68
324,Chara,RU,2023-01-18 15:36:28,56.9064,118.2631,-30.14,96,100,2.21
325,Maceio,BR,2023-01-18 15:36:57,-9.6658,-35.7353,87.24,62,75,18.41
326,Copiapo,CL,2023-01-18 15:39:39,-27.3667,-70.3333,65.89,35,0,8.61
327,Beloha,MG,2023-01-18 15:39:39,-25.1667,45.05,78.62,63,0,17.92
328,Saint Anthony,US,2023-01-18 15:39:40,45.0205,-93.218,31.95,86,100,0.0
329,Lewistown,US,2023-01-18 15:39:40,40.5992,-77.5714,46.18,84,100,11.5
330,Malindi,KE,2023-01-18 15:39:40,-3.2175,40.1191,82.56,69,75,17.27
331,Culebra,PR,2023-01-18 15:39:40,18.303,-65.301,82.49,52,90,5.99
332,Gayny,RU,2023-01-18 15:39:41,60.3071,54.3241,13.95,93,98,6.33
333,Yar-Sale,RU,2023-01-18 15:39:24,66.8333,70.8333,-0.33,99,98,2.08
334,Tevaitoa,PF,2023-01-18 15:39:41,-16.7833,-151.5,80.01,74,49,12.41
335,Spokane,US,2023-01-18 15:37:06,47.6166,-117.3677,36.01,92,100,8.05
336,Kukshi,IN,2023-01-18 15:39:41,22.2,74.75,67.68,33,0,4.12
337,Grindavik,IS,2023-01-18 15:39:42,63.8424,-22.4338,18.07,79,0,6.91
338,Namibe,AO,2023-01-18 15:39:42,-15.1961,12.1522,75.67,72,100,11.23
339,Galle,LK,2023-01-18 15:38:16,6.0367,80.217,74.75,81,77,8.25
340,Fortuna,US,2023-01-18 15:33:58,40.5982,-124.1573,48.65,85,100,11.5
341,Dingle,PH,2023-01-18 15:39:42,10.9995,122.6711,75.43,94,100,7.74
342,Dordrecht,NL,2023-01-18 15:39:43,51.81,4.6736,42.01,85,54,7.0
343,Jieshi,CN,2023-01-18 15:39:43,22.8134,115.8257,57.4,76,3,13.09
344,Praia,CV,2023-01-18 15:39:43,14.9215,-23.5087,82.94,44,0,21.85
345,Isangel,VU,2023-01-18 15:39:43,-19.55,169.2667,73.51,100,100,2.3
346,Vilhena,BR,2023-01-18 15:33:23,-12.7406,-60.1458,79.02,78,75,11.5
347,Tiznit,MA,2023-01-18 15:39:44,29.5833,-9.5,59.9,56,90,12.84
348,Rio Grande,BR,2023-01-18 15:39:44,-32.035,-52.0986,84.31,65,100,14.7
349,Bama,NG,2023-01-18 15:39:44,11.5221,13.6856,87.33,17,15,9.13
350,Smithers,CA,2023-01-18 15:39:45,54.7804,-127.1743,37.72,70,40,11.5
351,Nouadhibou,MR,2023-01-18 15:39:45,20.931,-17.0347,76.98,31,20,23.02
352,Broome,US,2023-01-18 15:33:08,42.2506,-75.833,41.54,86,100,11.5
353,Makakilo City,US,2023-01-18 15:39:45,21.3469,-158.0858,69.62,82,20,4.61
354,Samarai,PG,2023-01-18 15:39:46,-10.6167,150.6667,80.82,80,100,9.6
355,Buala,SB,2023-01-18 15:39:46,-8.145,159.5921,79.75,84,100,10.38
356,Manoel Urbano,BR,2023-01-18 15:39:46,-8.8389,-69.2597,71.6,99,100,1.23
357,Longyearbyen,SJ,2023-01-18 15:31:47,78.2186,15.6401,8.44,78,0,11.5
358,Emerald,AU,2023-01-18 15:39:46,-23.5333,148.1667,69.35,87,0,6.8
359,Tual,ID,2023-01-18 15:39:47,-5.6667,132.75,83.16,78,99,17.72
360,Katiola,CI,2023-01-18 15:39:47,8.1333,-5.1,95.63,9,59,3.96
361,Piranshahr,IR,2023-01-18 15:39:47,36.701,45.1413,31.93,83,5,3.13
362,Fairbanks,US,2023-01-18 15:32:31,64.8378,-147.7164,-16.26,78,0,0.0
363,Pisco,PE,2023-01-18 15:39:48,-13.7,-76.2167,71.65,83,40,6.91
364,Visby,SE,2023-01-18 15:39:48,57.6409,18.296,32.83,93,20,3.44
365,Mayor Pablo Lagerenza,PY,2023-01-18 15:39:48,-19.9309,-60.7718,96.87,35,40,6.11
366,Maniitsoq,GL,2023-01-18 15:39:49,65.4167,-52.9,8.67,52,100,6.71
367,Shahkot,IN,2023-01-18 15:40:49,31.0775,75.3372,52.95,47,100,3.91
368,Champerico,GT,2023-01-18 15:40:49,14.3,-91.9167,81.14,63,7,6.15
369,Tizimin,MX,2023-01-18 15:40:49,21.15,-88.15,81.75,50,65,13.71
370,Port Hedland,AU,2023-01-18 15:40:50,-20.3167,118.5667,82.45,78,63,9.22
371,Labrea,BR,2023-01-18 15:40:50,-7.2586,-64.7981,73.99,97,100,1.83
372,Narsaq,GL,2023-01-18 15:40:50,60.9167,-46.05,17.82,72,100,8.12
373,Konstantinovka,RU,2023-01-18 15:40:51,49.6167,127.9833,-6.74,99,100,5.73
374,Sovetskaya,RU,2023-01-18 15:40:51,44.7769,41.1722,37.04,73,82,11.07
375,Loanda,AO,2023-01-18 15:37:53,-8.8368,13.2343,87.8,62,20,11.5
376,Macenta,GN,2023-01-18 15:40:52,8.5435,-9.471,94.44,8,61,4.59
377,Jardim,BR,2023-01-18 15:33:16,-21.4803,-56.1381,93.02,41,24,5.32
378,Jiujiang,CN,2023-01-18 15:40:52,29.7333,115.9833,42.35,49,28,1.9
379,Binga,ZW,2023-01-18 15:40:52,-17.6203,27.3414,74.19,86,100,7.18
380,Deputatskiy,RU,2023-01-18 15:40:53,69.3,139.9,-29.2,99,46,2.84
381,Kabinda,CD,2023-01-18 15:40:53,-6.1333,24.4833,74.77,78,73,2.73
382,Guarapuava,BR,2023-01-18 15:40:53,-25.3953,-51.4581,76.98,71,89,0.74
383,Jabinyanah,TN,2023-01-18 15:40:54,35.035,10.9081,67.8,39,9,19.55
384,Bageshwar,IN,2023-01-18 15:40:54,29.85,79.7667,45.32,51,73,2.62
385,Varhaug,NO,2023-01-18 15:40:54,58.6147,5.6457,34.48,83,100,1.23
386,Livingstonia,MW,2023-01-18 15:40:55,-10.606,34.1063,65.35,88,98,3.02
387,Haines Junction,CA,2023-01-18 15:32:22,60.7522,-137.5108,6.85,99,100,2.17
388,Takoradi,GH,2023-01-18 15:40:55,4.8845,-1.7554,83.95,69,11,12.3
389,Zhangye,CN,2023-01-18 15:40:55,38.9342,100.4517,7.39,79,11,2.55
390,Bokino,RU,2023-01-18 15:40:56,52.6374,41.4597,25.88,85,91,15.75
391,Lompoc,US,2023-01-18 15:34:47,34.6391,-120.4579,45.93,87,0,0.0
392,Ostrovnoy,RU,2023-01-18 15:34:43,68.0531,39.5131,24.33,84,100,13.42
393,Las Cruces,US,2023-01-18 15:39:28,32.3123,-106.7783,39.31,69,0,18.41
394,Traverse City,US,2023-01-18 15:39:26,44.7631,-85.6206,33.03,91,100,8.46
395,Khabarovsk,RU,2023-01-18 15:40:56,48.4808,135.0928,-11.25,76,100,4.47
396,Saint-Georges,GD,2023-01-18 15:40:56,12.0564,-61.7485,83.88,61,20,17.27
397,Sim,RU,2023-01-18 15:40:57,54.993,57.6982,4.24,94,10,1.86
398,Paoua,CF,2023-01-18 15:40:57,7.2427,16.4406,88.97,17,100,2.24
399,Fort-Shevchenko,KZ,2023-01-18 15:40:57,44.5086,50.263,33.49,41,0,12.88
400,Half Moon Bay,US,2023-01-18 15:36:12,37.4636,-122.4286,48.34,92,100,3.44
401,Namtsy,RU,2023-01-18 15:40:58,62.7161,129.6658,-53.5,96,99,3.89
402,Jieshou,CN,2023-01-18 15:40:58,33.2634,115.3611,34.11,59,100,7.81
403,Manggar,ID,2023-01-18 15:40:58,-2.8833,108.2667,78.01,85,100,8.68
404,Trincomalee,LK,2023-01-18 15:40:58,8.5711,81.2335,78.3,64,98,14.85
405,Saint George,US,2023-01-18 15:33:07,37.1041,-113.5841,35.44,77,0,3.44
406,Mumford,GH,2023-01-18 15:40:59,5.2618,-0.759,82.85,73,32,14.12
407,Baykit,RU,2023-01-18 15:34:49,61.67,96.37,-44.3,100,45,1.43
408,Olenegorsk,RU,2023-01-18 15:40:59,68.15,33.3,17.94,96,100,2.53
409,Katsuura,JP,2023-01-18 15:31:09,35.1333,140.3,47.26,80,86,19.64
410,Sur,OM,2023-01-18 15:28:39,22.5667,59.5289,74.5,70,13,5.88
411,Lyantonde,UG,2023-01-18 15:40:59,-0.4031,31.1572,72.43,56,77,5.17
412,Tshikapa,CD,2023-01-18 15:41:00,-6.4167,20.8,79.39,77,82,1.43
413,Husavik,IS,2023-01-18 15:41:00,66.0449,-17.3389,26.67,75,100,11.05
414,Ipixuna,BR,2023-01-18 15:41:00,-1.7625,-48.8043,73.94,96,100,4.99
415,Ushtobe,KZ,2023-01-18 15:41:01,45.2514,77.9838,3.04,86,5,7.74
416,Ilulissat,GL,2023-01-18 15:38:30,69.2167,-51.1,-29.7,70,3,7.31
417,Aykhal,RU,2023-01-18 15:42:01,66.0,111.5,-45.44,100,100,4.7
418,Margate,GB,2023-01-18 15:42:01,51.3813,1.3862,38.89,79,73,3.0
419,Marsh Harbour,BS,2023-01-18 15:42:02,26.5412,-77.0636,72.34,61,3,7.18
420,Alta Floresta,BR,2023-01-18 15:42:02,-9.8756,-56.0861,83.12,68,100,1.92
421,Nushki,PK,2023-01-18 15:42:02,29.5542,66.0215,46.22,85,100,2.48
422,Biak,ID,2023-01-18 15:42:03,-0.9131,122.8766,75.54,85,48,4.68
423,Christchurch,NZ,2023-01-18 15:42:03,-43.5333,172.6333,62.91,85,4,11.5
424,Siva,EG,2023-01-18 15:42:03,29.2041,25.5195,61.93,45,0,5.14
425,Lagoa,PT,2023-01-18 15:37:09,39.05,-27.9833,55.62,67,2,6.17
426,Anadyr,RU,2023-01-18 15:37:11,64.75,177.4833,-23.3,69,0,8.95
427,Shakawe,BW,2023-01-18 15:42:04,-18.3667,21.85,80.83,54,98,6.8
428,Kudahuvadhoo,MV,2023-01-18 15:42:05,2.6708,72.8944,81.16,80,55,13.94
429,Charkhi Dadri,IN,2023-01-18 15:42:05,28.6,76.2667,48.49,41,5,1.43
430,Codogno,IT,2023-01-18 15:42:05,45.1619,9.7022,40.03,95,35,3.8
431,Beringovskiy,RU,2023-01-18 15:42:06,63.05,179.3167,-23.28,93,25,8.12
432,Pio Duran,PH,2023-01-18 15:42:06,13.0293,123.445,75.88,92,100,4.12
433,Arkhara,RU,2023-01-18 15:42:07,49.4212,130.0842,-0.89,96,100,10.11
434,Vanavara,RU,2023-01-18 15:42:07,60.34,102.2797,-53.86,100,61,2.75
435,San Lorenzo,PY,2023-01-18 15:42:07,-25.3333,-57.5333,90.54,55,75,3.44
436,Codajas,BR,2023-01-18 15:42:08,-3.8367,-62.0569,74.19,89,100,2.26
437,Sailana,IN,2023-01-18 15:41:10,23.4667,74.9167,58.05,32,25,10.16
438,Mugur-Aksy,RU,2023-01-18 15:42:09,50.35,90.5,-4.49,89,84,7.09
439,Batemans Bay,AU,2023-01-18 15:42:09,-35.7167,150.1833,66.09,93,100,11.01
440,Sioux Lookout,CA,2023-01-18 15:42:03,50.1001,-91.917,1.47,85,100,3.44
441,Los Chiles,CR,2023-01-18 15:42:10,11.0333,-84.7167,80.24,71,51,3.42
442,Diu,IN,2023-01-18 15:42:10,20.7141,70.9822,67.28,46,2,6.93
443,Kloulklubed,PW,2023-01-18 15:42:11,7.0419,134.2556,77.5,78,99,15.48
444,Troitskoye,RU,2023-01-18 15:40:14,52.9821,84.6757,6.53,95,100,7.99
445,Bowmore,US,2023-01-18 15:42:12,34.9421,-79.3031,59.67,83,100,8.05
446,Kiunga,PG,2023-01-18 15:42:12,-6.1219,141.2906,72.86,99,98,2.82
447,Dalvik,IS,2023-01-18 15:42:13,65.9702,-18.5286,15.73,91,99,8.25
448,Kieta,PG,2023-01-18 15:33:19,-6.2167,155.6333,79.45,87,88,9.95
449,College,US,2023-01-18 15:36:29,64.8569,-147.8028,-16.28,77,40,0.0
450,Harper,LR,2023-01-18 15:42:13,4.375,-7.7169,84.45,66,99,10.71
451,Pochutla,MX,2023-01-18 15:42:15,15.7432,-96.4661,78.82,64,63,8.61
452,Santiago,CL,2023-01-18 15:40:21,-33.4569,-70.6483,89.29,33,0,6.91
453,Talant,FR,2023-01-18 15:42:15,47.3369,5.0089,34.14,75,0,5.75
454,Pasighat,IN,2023-01-18 15:42:16,28.0667,95.3333,56.75,63,0,4.03
455,Billings,US,2023-01-18 15:39:22,45.7833,-108.5007,28.51,78,20,10.36
456,Collie,AU,2023-01-18 15:42:16,-33.3667,116.15,58.8,65,100,11.79
457,Puerto Baquerizo Moreno,EC,2023-01-18 15:42:17,-0.9,-89.6,77.99,83,40,13.8
458,Bahia Blanca,AR,2023-01-18 15:40:09,-38.7196,-62.2724,77.29,79,99,4.92
459,Midland,US,2023-01-18 15:38:39,31.9974,-102.0779,49.32,52,0,14.97
460,Krasnoselkup,RU,2023-01-18 15:33:36,65.7,82.4667,-11.34,98,100,16.04
461,Vurnary,RU,2023-01-18 15:42:18,55.4904,46.9648,16.47,95,100,9.13
462,Sabzevar,IR,2023-01-18 15:43:18,36.2126,57.6819,40.28,56,0,9.22
463,Borsa,RO,2023-01-18 15:43:19,47.6553,24.6633,41.32,91,98,5.44
464,Boda,CF,2023-01-18 15:43:19,4.3189,17.4695,94.26,15,96,4.07
465,Palmas Bellas,PA,2023-01-18 15:43:19,9.2319,-80.0867,87.26,66,47,8.28
466,Waitati,NZ,2023-01-18 15:43:20,-45.75,170.5667,58.8,88,74,3.78
467,Awjilah,LY,2023-01-18 15:43:20,29.1081,21.2869,65.41,28,0,6.6
468,Banepa,NP,2023-01-18 15:43:20,27.6298,85.5214,44.92,76,20,3.44
469,Olean,US,2023-01-18 15:41:35,42.0776,-78.4297,38.08,96,100,11.52
470,Sambava,MG,2023-01-18 15:43:21,-14.2667,50.1667,73.22,93,100,18.32
471,Zarzal,CO,2023-01-18 15:43:21,4.3946,-76.0715,73.08,70,79,1.21
472,Channel-Port Aux Basques,CA,2023-01-18 15:43:22,47.5702,-59.1367,36.82,96,100,7.25
473,Lavrentiya,RU,2023-01-18 15:33:59,65.5833,-171.0,-22.9,94,34,7.99
474,Hihya,EG,2023-01-18 15:43:22,30.6713,31.588,57.25,57,0,9.51
475,Baie-Comeau,CA,2023-01-18 15:43:23,49.2168,-68.1489,31.68,93,100,5.75
476,Santarem,BR,2023-01-18 15:43:23,-2.4431,-54.7083,78.93,83,100,3.44
477,Pangody,RU,2023-01-18 15:43:24,65.85,74.4859,4.5,96,100,5.77
478,Kirakira,SB,2023-01-18 15:43:24,-10.4544,161.9205,79.32,85,100,12.41
479,Vyshhorod,UA,2023-01-18 15:43:24,50.5848,30.4898,51.94,88,100,17.92
480,Maldonado,UY,2023-01-18 15:42:40,-34.6667,-54.9167,85.39,33,85,18.52
481,Mecca,SA,2023-01-18 15:43:25,21.4267,39.8261,77.23,42,23,5.91
482,Biltine,TD,2023-01-18 15:43:25,14.5333,20.9167,83.84,14,67,4.09
483,Tunceli,TR,2023-01-18 15:43:26,39.1083,39.5471,41.2,71,66,1.97
484,Agadir,MA,2023-01-18 15:39:36,30.4202,-9.5982,70.25,39,2,9.57
485,Pavlohrad,UA,2023-01-18 15:43:26,48.5167,35.8667,41.07,90,100,20.4
486,Deniliquin,AU,2023-01-18 15:43:27,-35.5333,144.9667,54.28,62,22,17.47
487,Ponta Delgada,PT,2023-01-18 15:43:27,37.7333,-25.6667,59.72,58,20,10.36
488,Hofn,IS,2023-01-18 15:40:03,64.2539,-15.2082,28.42,59,20,19.57
489,Nyurba,RU,2023-01-18 15:43:28,63.2842,118.3319,-65.67,100,77,2.55
490,Hay River,CA,2023-01-18 15:41:35,60.8156,-115.7999,6.78,85,20,4.61
491,Port Hardy,CA,2023-01-18 15:43:28,50.6996,-127.4199,37.58,100,75,2.3
492,Minab,IR,2023-01-18 15:43:29,27.1467,57.0801,65.21,69,52,4.97
493,Tura,IN,2023-01-18 15:43:29,25.5198,90.2201,54.3,48,0,3.44
494,Kupang,ID,2023-01-18 15:43:29,-10.1667,123.5833,79.38,94,20,3.44
495,Jijiga,ET,2023-01-18 15:43:29,9.35,42.8,65.39,43,77,16.69
496,Pennadam,IN,2023-01-18 15:43:30,11.4,79.2333,69.58,78,100,6.87
497,Amapa,BR,2023-01-18 15:43:30,1.0,-52.0,85.21,59,92,3.06
498,Oktyabrskiy,RU,2023-01-18 15:43:30,54.4815,53.471,-2.72,89,14,3.58
499,Namatanai,PG,2023-01-18 15:33:46,-3.6667,152.4333,78.66,83,83,5.55
500,Tuatapere,NZ,2023-01-18 15:43:31,-46.1333,167.6833,53.28,95,39,3.53
501,Adjumani,UG,2023-01-18 15:43:31,3.3779,31.7909,86.41,20,62,3.65
502,Brindisi,IT,2023-01-18 15:43:31,40.5833,17.6667,60.44,82,100,23.51
503,Vila,PT,2023-01-18 15:43:33,42.0304,-8.1588,36.48,86,95,10.38
504,Tarbagatay,RU,2023-01-18 15:43:33,51.4803,107.3602,-6.27,85,72,12.12
505,Erzin,TR,2023-01-18 15:43:33,36.9559,36.2,53.42,82,35,2.55
506,Werda,BW,2023-01-18 15:43:33,-25.2667,23.2833,88.29,30,90,5.61
507,Loandjili,CG,2023-01-18 15:43:34,-4.7561,11.8578,82.02,77,81,10.51
508,Talara,PE,2023-01-18 15:43:34,-4.5772,-81.2719,84.96,42,0,16.11
509,Lappeenranta,FI,2023-01-18 15:43:34,61.0587,28.1887,33.85,96,100,5.75
510,Flinders,AU,2023-01-18 15:44:35,-34.5833,150.8552,71.19,91,97,3.0
511,Sitka,US,2023-01-18 15:42:34,57.0531,-135.33,35.49,80,20,10.36
512,Mirnyy,RU,2023-01-18 15:41:29,62.5353,113.9611,-36.8,99,100,1.23
513,Beroroha,MG,2023-01-18 15:44:35,-21.6667,45.1667,85.03,47,24,12.75
514,Birao,CF,2023-01-18 15:44:36,10.2849,22.7882,88.74,15,5,6.29
515,Hasaki,JP,2023-01-18 15:44:36,35.7333,140.8333,45.0,60,96,24.58
516,Kabalo,CD,2023-01-18 15:44:36,-6.05,26.9167,69.44,92,100,0.58
517,Sukhobezvodnoye,RU,2023-01-18 15:44:37,57.0491,44.8891,18.79,91,44,9.55
518,Borovskoy,KZ,2023-01-18 15:44:37,53.8,64.15,0.37,76,3,7.07
519,Paamiut,GL,2023-01-18 15:44:37,61.994,-49.6678,26.06,69,100,6.62
520,Cubuk,TR,2023-01-18 15:44:38,40.2386,33.0322,49.75,49,40,4.61
521,Stillwater,US,2023-01-18 15:40:27,36.1156,-97.0584,53.87,88,100,14.97
522,Damghan,IR,2023-01-18 15:44:38,36.1683,54.348,40.26,50,3,4.68
523,Seoul,KR,2023-01-18 15:42:25,37.5683,126.9778,22.6,75,0,2.3
524,Sheridan,US,2023-01-18 15:40:38,44.8333,-106.9173,31.32,79,0,0.0
525,Armstrong,AR,2023-01-18 15:42:17,-32.7822,-61.6022,91.87,28,100,7.52
526,Cairns,AU,2023-01-18 15:43:45,-16.9167,145.7667,77.07,91,40,5.75
527,Minervino Murge,IT,2023-01-18 15:44:39,41.0843,16.0784,50.25,68,56,9.15
528,Trinidad,BO,2023-01-18 15:44:39,-14.8333,-64.9,84.18,74,40,6.91
529,Njombe,TZ,2023-01-18 15:44:39,-9.3333,34.7667,59.94,94,99,3.27
530,Kismayo,SO,2023-01-18 15:44:39,-0.3582,42.5454,76.44,84,56,15.82
531,Quatre Cocos,MU,2023-01-18 15:44:40,-20.2078,57.7625,80.71,87,100,17.09
532,Capreol,CA,2023-01-18 15:44:40,46.706,-80.9225,30.54,86,75,12.66
533,Umm Kaddadah,SD,2023-01-18 15:44:41,13.6017,26.6876,75.33,13,69,11.74
534,Muroto,JP,2023-01-18 15:39:58,33.2833,134.15,48.87,67,22,4.79
535,Osorno,CL,2023-01-18 15:44:41,-40.5667,-73.15,64.71,72,40,5.75
536,Lengshuitan,CN,2023-01-18 15:44:41,26.4111,111.5956,47.89,32,97,2.91
537,Wanaka,NZ,2023-01-18 15:44:41,-44.7,169.15,54.73,85,89,4.47
538,Road Town,VG,2023-01-18 15:44:42,18.4167,-64.6167,82.49,61,20,6.91
539,Portree,GB,2023-01-18 15:44:25,57.4129,-6.1942,34.52,89,91,10.13
540,Astoria,US,2023-01-18 15:44:42,46.1879,-123.8313,44.49,92,100,9.22
541,Geraldton,AU,2023-01-18 15:44:42,-28.7667,114.6,72.01,78,96,14.97
542,Turan,VN,2023-01-18 15:44:43,16.0678,108.2208,66.18,82,100,2.3
543,Mendoza,AR,2023-01-18 15:44:43,-32.8908,-68.8272,78.33,53,20,6.91
544,Tieli,CN,2023-01-18 15:44:43,46.95,128.05,8.96,96,100,7.47
545,Southbridge,US,2023-01-18 15:44:44,42.0751,-72.0334,47.86,80,100,4.0
546,Khash,IR,2023-01-18 15:44:44,28.2211,61.2158,44.53,75,100,5.39
547,Thio,NC,2023-01-18 15:44:44,-21.6167,166.2167,71.56,86,100,13.53
548,Bintulu,MY,2023-01-18 15:44:44,3.1667,113.0333,79.21,94,40,3.44
549,Oneida,US,2023-01-18 15:44:45,43.2001,-75.4663,39.76,95,100,11.5
550,Bonavista,CA,2023-01-18 15:39:58,48.6499,-53.1147,37.76,95,100,16.73
551,Qui Nhon,VN,2023-01-18 15:35:06,13.7667,109.2333,68.79,90,100,16.78
552,Opuwo,NA,2023-01-18 15:44:45,-18.0607,13.84,75.34,62,96,2.04
553,San Vicente,AR,2023-01-18 15:44:45,-26.6167,-54.1333,85.95,48,40,1.48
554,Naze,JP,2023-01-18 15:45:46,28.3667,129.4833,56.32,67,98,9.64
555,Jawhar,SO,2023-01-18 15:43:32,2.7809,45.5005,78.13,60,13,19.73
556,Ingraj Bazar,IN,2023-01-18 15:45:46,25.0,88.15,59.59,37,0,5.55
557,Gamboula,CF,2023-01-18 15:42:41,4.1178,15.1393,91.89,18,99,3.91
558,Nara,JP,2023-01-18 15:45:46,34.6851,135.8049,39.9,79,12,2.62
559,Umba,RU,2023-01-18 15:45:47,66.6871,34.3429,28.18,95,100,16.26
560,Saint Simons,US,2023-01-18 15:45:47,31.1352,-81.3901,64.45,88,100,10.36
561,Wajir,KE,2023-01-18 15:45:47,1.7471,40.0573,98.56,13,0,9.22
562,Ajdabiya,LY,2023-01-18 15:45:48,30.7554,20.2263,63.68,38,0,10.45
563,Victoria Point,AU,2023-01-18 15:45:48,-27.5833,153.3,72.18,83,7,2.46
564,Saint-Francois,FR,2023-01-18 15:45:48,46.4154,3.9054,33.24,84,100,9.22
565,Lagos,NG,2023-01-18 15:41:05,6.5833,3.75,91.72,50,1,10.29
566,Treinta Y Tres,UY,2023-01-18 15:45:48,-33.2333,-54.3833,91.35,25,8,17.0
567,Canmore,CA,2023-01-18 15:42:20,51.0834,-115.3521,32.11,98,91,4.61
568,Severobaykalsk,RU,2023-01-18 15:45:49,55.65,109.3167,-24.84,79,53,10.11
569,Maxixe,MZ,2023-01-18 15:45:49,-23.8597,35.3472,81.81,74,53,10.58
570,Saldanha,ZA,2023-01-18 15:45:49,-33.0117,17.9442,78.85,80,83,10.4
571,Porto Novo,BJ,2023-01-18 15:44:52,6.4965,2.6036,85.87,58,70,11.48
572,Bartica,GY,2023-01-18 15:45:50,6.4,-58.6167,82.72,73,83,3.58
573,Iqaluit,CA,2023-01-18 15:45:50,63.7506,-68.5145,-7.31,76,75,3.44
574,Pitimbu,BR,2023-01-18 15:45:50,-7.4706,-34.8086,82.99,66,40,12.24
575,Latur,IN,2023-01-18 15:45:51,18.4,76.5833,73.62,29,4,5.32
576,Omsukchan,RU,2023-01-18 15:45:51,62.5333,155.8,-27.63,95,100,5.26
577,Alihe,CN,2023-01-18 15:45:51,50.5667,123.7167,-9.53,99,100,1.54
